Player,Pos,Age,Tm,G,GS,MP,FG,FGA,FG%,3P,3PA,3P%,2P,2PA,2P%,eFG%,FT,FTA,FT%,ORB,DRB,TRB,AST,STL,BLK,TOV,PF,PTS,PlayerID,salary
Precious Achiuwa,C,23,TOR,55,12,1140,196,404,0.485,29,108,0.269,167,296,0.564,0.521,87,124,0.702,100,228,328,50,31,30,59,102,508,achiupr01,2840160
Steven Adams,C,29,MEM,42,42,1133,157,263,0.597,0,1,0.0,157,262,0.599,0.597,47,129,0.364,214,271,485,97,36,46,79,98,361,adamsst01,17926829
Bam Adebayo,C,25,MIA,75,75,2598,602,1114,0.54,1,12,0.083,601,1102,0.545,0.541,324,402,0.806,184,504,688,240,88,61,187,208,1529,adebaba01,30351780
Ochai Agbaji,SG,22,UTA,59,22,1209,165,386,0.427,81,228,0.355,84,158,0.532,0.532,56,69,0.812,43,78,121,67,16,15,41,99,467,agbajoc01,3918360
Santi Aldama,PF,22,MEM,77,20,1682,247,525,0.47,94,266,0.353,153,259,0.591,0.56,108,144,0.75,85,286,371,97,45,48,60,143,696,aldamsa01,2094120
Nickeil Alexander-Walker,SG,24,TOT,59,3,884,131,295,0.444,61,159,0.384,70,136,0.515,0.547,40,60,0.667,15,86,101,108,32,21,55,88,363,alexani01,5009633
Grayson Allen,SG,27,MIL,72,70,1972,245,557,0.44,146,366,0.399,99,191,0.518,0.571,114,126,0.905,61,176,237,163,62,14,72,117,750,allengr01,8500000
Jarrett Allen,C,24,CLE,68,68,2220,403,626,0.644,1,10,0.1,402,616,0.653,0.645,162,221,0.733,221,445,666,113,54,84,93,153,969,allenja01,20000000
Jose Alvarado,PG,24,NOP,61,10,1310,201,489,0.411,83,247,0.336,118,242,0.488,0.496,65,80,0.813,28,113,141,186,67,10,81,125,550,alvarjo01,1563518
Kyle Anderson,PF,29,MIN,69,46,1957,252,495,0.509,43,105,0.41,209,390,0.536,0.553,100,136,0.735,66,302,368,335,78,63,103,146,647,anderky01,8780488
Giannis Antetokounmpo,PF,28,MIL,63,63,2024,707,1278,0.553,47,171,0.275,660,1107,0.596,0.572,498,772,0.645,137,605,742,359,52,51,246,197,1959,antetgi01,42492492
Thanasis Antetokounmpo,SF,30,MIL,37,0,206,20,46,0.435,0,8,0.0,20,38,0.526,0.435,11,22,0.5,15,29,44,15,3,3,12,22,51,antetth01,1878720
Cole Anthony,PG,22,ORL,60,4,1552,277,610,0.454,75,206,0.364,202,404,0.5,0.516,152,170,0.894,47,241,288,235,37,31,91,158,781,anthoco01,3613680
OG Anunoby,SF,25,TOR,67,67,2386,421,885,0.476,142,367,0.387,279,518,0.539,0.556,140,167,0.838,95,237,332,131,128,50,132,200,1124,anunoog01,17357143
Ryan Arcidiacono,PG,28,TOT,20,4,172,9,37,0.243,8,23,0.348,1,14,0.071,0.351,0,0,,0,15,15,23,5,0,7,17,26,arcidry01,1836090
Deni Avdija,SF,22,WAS,76,40,2020,253,579,0.437,69,232,0.297,184,347,0.53,0.497,122,165,0.739,74,413,487,211,65,29,123,209,697,avdijde01,4916160
Deandre Ayton,C,24,PHO,67,67,2035,522,887,0.589,7,24,0.292,515,863,0.597,0.592,152,200,0.76,172,495,667,115,37,53,120,190,1203,aytonde01,30913750
Udoka Azubuike,C,23,UTA,36,4,359,59,72,0.819,0,0,,59,72,0.819,0.819,7,20,0.35,31,88,119,11,6,15,18,34,125,azubuud01,2174880
Marvin Bagley III,C,23,DET,42,25,990,202,382,0.529,19,66,0.288,183,316,0.579,0.554,81,108,0.75,94,175,269,36,19,30,46,81,504,baglema01,12500000
Patrick Baldwin Jr.,SF,20,GSW,31,0,226,43,109,0.394,32,84,0.381,11,25,0.44,0.541,4,6,0.667,1,39,40,11,6,4,11,14,122,baldwpa01,2226000
LaMelo Ball,PG,21,CHO,36,36,1268,296,721,0.411,144,383,0.376,152,338,0.45,0.51,102,122,0.836,42,189,231,304,46,11,129,118,838,ballla01,8623920
Mo Bamba,C,24,TOT,49,7,769,117,241,0.485,48,124,0.387,69,117,0.59,0.585,41,62,0.661,58,167,225,46,13,43,30,105,323,bambamo01,10300000
Paolo Banchero,PF,20,ORL,72,72,2430,479,1122,0.427,85,285,0.298,394,837,0.471,0.465,394,534,0.738,84,413,497,269,60,39,200,160,1437,banchpa01,11055120
Desmond Bane,SG,24,MEM,58,58,1841,450,939,0.479,166,407,0.408,284,532,0.534,0.568,181,205,0.883,43,248,291,254,56,22,126,150,1247,banede01,2130240
Dalano Banton,PG,23,TOR,31,2,279,55,130,0.423,15,51,0.294,40,79,0.506,0.481,17,24,0.708,11,34,45,36,13,13,18,34,142,bantoda01,1563518
Harrison Barnes,PF,30,SAC,82,82,2662,374,791,0.473,132,353,0.374,242,438,0.553,0.556,350,413,0.847,87,279,366,128,57,10,86,103,1230,barneha02,18352273
Scottie Barnes,PF,21,TOR,77,76,2678,463,1016,0.456,63,224,0.281,400,792,0.505,0.487,190,246,0.772,179,333,512,371,83,61,154,170,1179,barnesc01,7644600
RJ Barrett,SG,22,NYK,73,73,2475,510,1176,0.434,121,390,0.31,389,786,0.495,0.485,290,392,0.74,60,308,368,201,31,15,164,179,1431,barrerj01,10900635
Will Barton,SG,32,TOT,56,2,993,138,364,0.379,66,180,0.367,72,184,0.391,0.47,37,47,0.787,15,122,137,112,28,13,48,56,379,bartowi01,14807642
Charles Bassey,C,22,SAS,35,2,508,87,135,0.644,3,8,0.375,84,127,0.661,0.656,22,37,0.595,75,118,193,47,16,33,41,74,199,bassech01,2674742
Keita Bates-Diop,SF,27,SAS,67,42,1452,236,465,0.508,56,142,0.394,180,323,0.557,0.568,119,150,0.793,65,183,248,103,46,20,56,63,647,bateske01,1878720
Nicolas Batum,PF,34,LAC,78,19,1709,160,381,0.42,124,317,0.391,36,64,0.563,0.583,34,48,0.708,62,237,299,121,54,44,50,149,478,batumni01,19700319
Darius Bazley,PF,22,TOT,43,1,616,83,183,0.454,20,53,0.377,63,130,0.485,0.508,38,70,0.543,34,104,138,38,22,34,27,44,224,bazleda01,4264629
Bradley Beal,SG,29,WAS,50,50,1673,444,878,0.506,80,219,0.365,364,659,0.552,0.551,192,228,0.842,41,155,196,271,45,33,145,107,1160,bealbr01,43279250
Malik Beasley,SG,26,TOT,81,27,2093,370,937,0.395,235,658,0.357,135,279,0.484,0.52,50,65,0.769,35,248,283,124,65,9,90,107,1025,beaslma01,15558035
MarJon Beauchamp,SF,22,MIL,52,11,701,96,243,0.395,47,142,0.331,49,101,0.485,0.492,27,37,0.73,38,77,115,35,21,7,45,71,266,beaucma01,2485200
Dāvis Bertāns,PF,30,DAL,45,1,492,69,160,0.431,55,141,0.39,14,19,0.737,0.603,13,15,0.867,10,43,53,21,11,8,10,53,206,bertada01,16000000
Patrick Beverley,PG,34,TOT,67,67,1816,144,360,0.4,80,239,0.335,64,121,0.529,0.511,47,65,0.723,44,203,247,194,63,41,60,187,415,beverpa01,13506508
Saddiq Bey,SF,23,TOT,77,37,2129,353,836,0.422,151,418,0.361,202,418,0.483,0.513,205,238,0.861,98,264,362,118,70,13,71,123,1062,beysa01,2959080
Khem Birch,C,30,TOR,20,0,162,19,32,0.594,1,2,0.5,18,30,0.6,0.609,4,5,0.8,8,17,25,7,5,5,8,24,43,birchkh01,6667500
Goga Bitadze,C,23,TOT,38,1,457,69,125,0.552,6,26,0.231,63,99,0.636,0.576,23,42,0.548,61,76,137,39,16,26,22,64,167,bitadgo01,5377520
Bismack Biyombo,C,30,PHO,61,14,874,119,206,0.578,0,0,,119,206,0.578,0.578,25,70,0.357,89,171,260,56,18,88,51,114,263,biyombi01,1836090
Bogdan Bogdanović,SG,30,ATL,54,9,1508,273,611,0.447,146,360,0.406,127,251,0.506,0.566,64,77,0.831,23,142,165,150,43,18,65,86,756,bogdabo01,18000000
Bojan Bogdanović,PF,33,DET,59,59,1893,430,882,0.488,145,353,0.411,285,529,0.539,0.57,268,303,0.884,36,187,223,152,34,8,135,113,1273,bogdabo02,19550000
Bol Bol,PF,23,ORL,70,33,1505,261,478,0.546,30,113,0.265,231,365,0.633,0.577,82,108,0.759,69,336,405,69,30,85,112,92,634,bolbo01,2200000
Leandro Bolmaro,SG,22,UTA,14,0,68,3,20,0.15,0,4,0.0,3,16,0.188,0.15,0,0,,4,3,7,7,3,1,7,10,6,bolmale01,2471160
Devin Booker,SG,26,PHO,53,53,1835,527,1067,0.494,111,316,0.351,416,751,0.554,0.546,306,358,0.855,46,194,240,293,51,18,145,159,1471,bookede01,33833400
Brandon Boston Jr.,SG,21,LAC,22,1,248,51,122,0.418,12,29,0.414,39,93,0.419,0.467,29,38,0.763,7,23,30,20,9,0,12,21,143,bostobr01,1563518
Chris Boucher,PF,30,TOR,76,0,1523,261,529,0.493,62,189,0.328,199,340,0.585,0.552,128,168,0.762,157,264,421,29,47,64,41,143,712,bouchch01,12690000
James Bouknight,SG,22,CHO,34,0,515,69,193,0.358,33,109,0.303,36,84,0.429,0.443,20,30,0.667,8,64,72,41,14,5,32,49,191,bouknja01,4362240
Tony Bradley,C,25,CHI,12,0,33,6,12,0.5,3,5,0.6,3,7,0.429,0.625,4,4,1.0,1,10,11,1,1,1,1,2,19,bradlto01,2036318
Malaki Branham,SF,19,SAS,66,32,1550,269,611,0.44,77,255,0.302,192,356,0.539,0.503,58,70,0.829,28,153,181,127,33,7,76,115,673,branhma01,2925600
Christian Braun,SG,21,DEN,76,6,1181,143,289,0.495,34,96,0.354,109,193,0.565,0.554,40,64,0.625,48,133,181,59,41,17,35,101,360,braunch01,2808600
Mikal Bridges,SF,26,TOT,83,83,2963,593,1267,0.468,169,442,0.382,424,825,0.514,0.535,316,353,0.895,79,285,364,273,91,61,127,159,1671,bridgmi01,20100000
Oshae Brissett,SF,24,IND,65,2,1083,123,319,0.386,48,155,0.31,75,164,0.457,0.461,104,145,0.717,62,156,218,44,33,13,34,79,398,brissos01,1846738
Malcolm Brogdon,PG,30,BOS,67,0,1744,354,732,0.484,132,297,0.444,222,435,0.51,0.574,160,184,0.87,42,238,280,248,45,18,98,109,1000,brogdma01,22600000
Dillon Brooks,SF,27,MEM,73,73,2214,392,991,0.396,143,439,0.326,249,552,0.451,0.468,120,154,0.779,45,199,244,189,65,16,104,240,1047,brookdi01,11400000
Bruce Brown,SG,26,DEN,80,31,2280,358,741,0.483,91,254,0.358,267,487,0.548,0.545,116,153,0.758,63,265,328,268,87,51,123,190,923,brownbr01,6479000
Greg Brown III,PF,21,POR,16,0,93,11,28,0.393,1,7,0.143,10,21,0.476,0.411,5,12,0.417,2,17,19,3,4,5,6,13,28,browngr01,1563518
Jaylen Brown,SF,26,BOS,67,67,2405,679,1383,0.491,163,487,0.335,516,896,0.576,0.55,263,344,0.765,78,381,459,232,75,26,197,172,1784,brownja02,28741071
Sterling Brown,SG,27,LAL,4,0,24,0,4,0.0,0,2,0.0,0,2,0.0,0.0,0,0,,3,5,8,2,3,0,0,4,0,brownst02,3000000
Troy Brown Jr.,SF,23,LAL,76,45,1860,200,465,0.43,107,281,0.381,93,184,0.505,0.545,34,39,0.872,62,246,308,95,59,16,49,120,541,browntr01,1836090
Jalen Brunson,PG,26,NYK,68,68,2379,587,1195,0.491,134,322,0.416,453,873,0.519,0.547,325,392,0.829,40,201,241,421,61,15,142,152,1633,brunsja01,27733332
Thomas Bryant,C,25,TOT,59,26,1081,230,369,0.623,26,59,0.441,204,310,0.658,0.659,93,126,0.738,86,253,339,31,16,30,38,102,579,bryanth01,1836090
Reggie Bullock,SF,31,DAL,78,55,2364,192,470,0.409,151,397,0.38,41,73,0.562,0.569,26,37,0.703,32,251,283,108,54,13,36,166,561,bullore01,10012800
Alec Burks,SG,31,DET,51,8,1122,200,459,0.436,99,239,0.414,101,220,0.459,0.544,153,188,0.814,19,139,158,114,38,8,58,98,652,burksal01,10012800
Jared Butler,SG,22,OKC,6,1,77,15,32,0.469,7,14,0.5,8,18,0.444,0.578,0,0,,1,3,4,8,5,0,5,5,37,butleja02,1563518
Jimmy Butler,SF,33,MIA,64,64,2138,479,888,0.539,36,103,0.35,443,785,0.564,0.56,472,555,0.85,141,234,375,340,117,21,101,80,1466,butleji01,37653300
Kentavious Caldwell-Pope,SG,29,DEN,76,76,2381,292,632,0.462,135,319,0.423,157,313,0.502,0.569,103,125,0.824,35,173,208,183,112,35,86,145,822,caldwke01,14004703
Vlatko Čančar,PF,25,DEN,60,9,889,108,227,0.476,43,115,0.374,65,112,0.58,0.57,38,41,0.927,24,104,128,80,22,14,37,84,297,cancavl01,2234359
Clint Capela,C,28,ATL,65,63,1730,350,536,0.653,0,1,0.0,350,535,0.654,0.653,79,131,0.603,258,459,717,58,45,79,54,139,779,capelca01,18706896
Vernon Carey Jr.,C,21,WAS,11,0,28,2,8,0.25,0,0,,2,8,0.25,0.25,2,2,1.0,3,8,11,3,2,2,2,5,6,careyve01,1782621
Jevon Carter,PG,27,MIL,81,39,1810,239,565,0.423,142,337,0.421,97,228,0.425,0.549,31,38,0.816,35,167,202,197,66,29,78,158,651,carteje01,6025000
Wendell Carter Jr.,C,23,ORL,57,54,1690,322,613,0.525,80,225,0.356,242,388,0.624,0.591,144,195,0.738,120,377,497,132,30,33,106,159,868,cartewe01,14150000
Michael Carter-Williams,PG,31,ORL,4,0,44,6,14,0.429,1,3,0.333,5,11,0.455,0.464,4,7,0.571,1,4,5,7,1,1,4,5,17,cartemi01,652829
Alex Caruso,PG,28,CHI,67,36,1575,130,286,0.455,55,151,0.364,75,135,0.556,0.551,59,73,0.808,42,154,196,193,98,46,77,159,374,carusal01,9030000
Kennedy Chandler,PG,20,MEM,36,0,281,35,83,0.422,2,15,0.133,33,68,0.485,0.434,6,13,0.462,9,29,38,58,12,5,18,15,78,chandke01,1200000
Max Christie,SG,19,LAL,41,3,512,44,106,0.415,26,62,0.419,18,44,0.409,0.538,14,16,0.875,7,68,75,21,9,7,13,33,128,chrisma02,1017781
Josh Christopher,SG,21,HOU,64,2,786,153,329,0.465,21,89,0.236,132,240,0.55,0.497,45,60,0.75,20,51,71,73,33,15,60,59,372,chrisjo01,2372160
Brandon Clarke,PF,26,MEM,56,8,1090,229,349,0.656,1,6,0.167,228,343,0.665,0.658,99,137,0.723,92,218,310,72,34,37,55,131,558,clarkbr01,4343920
Jordan Clarkson,SG,30,UTA,61,61,1988,458,1031,0.444,155,459,0.338,303,572,0.53,0.519,200,245,0.816,72,174,246,270,33,13,186,120,1271,clarkjo01,13340000
Nic Claxton,C,23,BRK,76,76,2271,414,587,0.705,0,2,0.0,414,585,0.708,0.705,133,246,0.541,184,518,702,144,65,189,96,212,961,claxtni01,8500000
Amir Coffey,SG,25,LAC,50,9,625,56,145,0.386,11,40,0.275,45,105,0.429,0.424,49,63,0.778,17,36,53,53,7,5,21,50,172,coffeam01,3395062
John Collins,PF,25,ATL,71,71,2130,359,707,0.508,70,240,0.292,289,467,0.619,0.557,143,178,0.803,77,385,462,85,42,73,79,220,931,collijo01,23500000
Zach Collins,C,25,SAS,63,26,1441,284,548,0.518,55,147,0.374,229,401,0.571,0.568,108,142,0.761,116,286,402,180,37,49,129,199,731,colliza01,7350000
Mike Conley,PG,35,TOT,67,66,2029,261,610,0.428,135,351,0.385,126,259,0.486,0.539,141,169,0.834,33,149,182,450,73,14,103,139,798,conlemi01,22680000
Pat Connaughton,SG,30,MIL,61,33,1443,165,421,0.392,109,322,0.339,56,99,0.566,0.521,27,41,0.659,50,233,283,77,37,11,33,69,466,connapa01,5728393
Xavier Cooks,PF,27,WAS,10,1,126,17,28,0.607,0,1,0.0,17,27,0.63,0.607,4,10,0.4,16,22,38,6,6,4,8,13,38,cooksxa01,140384
Robert Covington,PF,32,LAC,48,0,779,102,229,0.445,54,136,0.397,48,93,0.516,0.563,30,40,0.75,31,135,166,57,38,33,32,86,288,covinro01,12307692
Torrey Craig,SF,32,PHO,79,60,1948,228,500,0.456,100,253,0.395,128,247,0.518,0.556,32,45,0.711,145,281,426,117,50,62,73,179,588,craigto01,5121951
Jae Crowder,SF,32,MIL,18,3,340,45,94,0.479,24,55,0.436,21,39,0.538,0.606,10,12,0.833,17,52,69,27,12,6,7,27,124,crowdja01,10183800
Cade Cunningham,PG,21,DET,12,12,400,93,224,0.415,17,61,0.279,76,163,0.466,0.453,36,43,0.837,12,62,74,72,10,7,39,34,239,cunnica01,10552800
Seth Curry,SG,32,BRK,61,7,1211,208,449,0.463,94,232,0.405,114,217,0.525,0.568,51,55,0.927,13,87,100,99,36,7,51,96,561,curryse01,8496653
Stephen Curry,PG,34,GSW,56,56,1941,559,1133,0.493,273,639,0.427,286,494,0.579,0.614,257,281,0.915,39,302,341,352,52,20,179,117,1648,curryst01,48070014
Dyson Daniels,PG,19,NOP,59,11,1042,87,208,0.418,27,86,0.314,60,122,0.492,0.483,26,40,0.65,36,152,188,134,43,11,57,99,227,daniedy01,5508600
Anthony Davis,C,29,LAL,56,54,1904,542,962,0.563,19,74,0.257,523,888,0.589,0.573,348,444,0.784,195,507,702,148,59,114,122,146,1451,davisan02,37980720
Johnny Davis,SG,20,WAS,28,5,423,66,171,0.386,17,70,0.243,49,101,0.485,0.436,14,27,0.519,10,55,65,28,10,8,17,48,163,davisjo06,4810320
Terence Davis,SG,25,SAC,64,5,841,154,364,0.423,89,243,0.366,65,121,0.537,0.545,34,43,0.791,20,119,139,67,43,12,53,104,431,daviste02,4000000
Dewayne Dedmon,C,33,TOT,38,1,426,77,151,0.51,12,39,0.308,65,112,0.58,0.55,33,49,0.673,34,100,134,26,9,19,25,75,199,dedmode01,8147040
Matthew Dellavedova,PG,32,SAC,32,0,213,17,50,0.34,9,27,0.333,8,23,0.348,0.43,4,7,0.571,1,12,13,41,7,0,10,20,47,dellama01,1836090
DeMar DeRozan,SF,33,CHI,74,74,2682,657,1303,0.504,46,142,0.324,611,1161,0.526,0.522,456,523,0.872,34,309,343,377,83,36,153,186,1816,derozde01,27300000
Hamidou Diallo,SG,24,DET,56,0,996,215,375,0.573,5,21,0.238,210,354,0.593,0.58,87,148,0.588,57,137,194,55,53,16,71,124,522,diallha01,5200000
Gorgui Dieng,C,33,SAS,31,1,358,45,117,0.385,21,75,0.28,24,42,0.571,0.474,10,13,0.769,27,80,107,53,4,14,32,57,121,dienggo01,2458672
Ousmane Dieng,SF,19,OKC,39,1,569,76,181,0.42,26,98,0.265,50,83,0.602,0.492,15,23,0.652,19,86,105,46,14,7,26,42,193,diengou01,4569840
Spencer Dinwiddie,PG,29,TOT,79,79,2725,460,1050,0.438,181,490,0.369,279,560,0.498,0.524,268,330,0.812,28,242,270,515,67,24,145,187,1369,dinwisp01,19500000
Donte DiVincenzo,SG,26,GSW,72,36,1894,235,540,0.435,150,378,0.397,85,162,0.525,0.574,58,71,0.817,80,245,325,252,97,10,112,133,678,divindo01,4500000
Luka Dončić,PG,23,DAL,66,66,2391,719,1449,0.496,185,541,0.342,534,908,0.588,0.56,515,694,0.742,54,515,569,529,90,33,236,166,2138,doncilu01,37096500
Luguentz Dort,SG,23,OKC,74,73,2272,339,873,0.388,135,409,0.33,204,464,0.44,0.466,200,259,0.772,128,216,344,154,75,23,92,243,1013,dortlu01,15277778
Ayo Dosunmu,SG,23,CHI,80,51,2098,281,570,0.493,59,189,0.312,222,381,0.583,0.545,66,82,0.805,45,175,220,206,62,26,99,182,687,dosunay01,1563518
PJ Dozier,SG,26,SAC,16,0,79,10,33,0.303,2,16,0.125,8,17,0.471,0.333,0,0,,1,13,14,10,6,1,5,7,22,doziepj01,539450
Goran Dragić,PG,36,TOT,58,0,870,141,335,0.421,52,145,0.359,89,190,0.468,0.499,31,45,0.689,16,65,81,151,13,4,63,65,365,dragigo01,2226523
Andre Drummond,C,29,CHI,67,0,849,166,274,0.606,0,3,0.0,166,271,0.613,0.606,67,125,0.536,138,306,444,33,45,27,75,117,399,drumman01,3200000
Chris Duarte,SF,25,IND,46,12,897,123,333,0.369,55,174,0.316,68,159,0.428,0.452,61,72,0.847,19,96,115,64,25,9,41,65,362,duartch01,3936960
Kris Dunn,PG,28,UTA,22,3,568,116,216,0.537,17,36,0.472,99,180,0.55,0.576,41,53,0.774,9,91,100,124,25,10,35,58,290,dunnkr01,735819
Kevin Durant,PF,34,TOT,47,47,1672,483,862,0.56,93,230,0.404,390,632,0.617,0.614,307,334,0.919,17,296,313,235,34,67,156,99,1366,duranke01,44119845
Jalen Duren,C,19,DET,67,31,1670,258,398,0.648,0,2,0.0,258,396,0.652,0.648,96,157,0.611,229,366,595,75,44,59,92,182,612,durenja01,4124280
Tari Eason,PF,21,HOU,82,5,1767,296,660,0.448,59,172,0.343,237,488,0.486,0.493,109,145,0.752,195,301,496,88,96,47,101,189,760,easonta01,3359160
Anthony Edwards,SG,21,MIN,79,79,2842,707,1541,0.459,213,578,0.369,494,963,0.513,0.528,319,422,0.756,47,411,458,350,125,58,259,186,1946,edwaran01,10733400
Kessler Edwards,SF,22,TOT,36,4,385,36,93,0.387,17,55,0.309,19,38,0.5,0.478,11,15,0.733,23,38,61,23,14,6,13,40,100,edwarke02,1637966
Joel Embiid,C,28,PHI,66,66,2284,728,1328,0.548,66,200,0.33,662,1128,0.587,0.573,661,771,0.857,113,557,670,274,66,112,226,205,2183,embiijo01,33616770
Drew Eubanks,C,25,POR,78,28,1584,214,334,0.641,7,18,0.389,207,316,0.655,0.651,83,125,0.664,132,286,418,103,40,102,67,169,518,eubandr01,1836090
Bruno Fernando,C,24,TOT,39,4,405,59,112,0.527,0,4,0.0,59,108,0.546,0.527,35,50,0.7,54,83,137,31,6,34,25,74,153,fernabr01,2717391
Dorian Finney-Smith,PF,29,TOT,66,66,2009,196,501,0.391,114,338,0.337,82,163,0.503,0.505,45,59,0.763,114,202,316,100,55,36,62,144,551,finnedo01,12939848
Malachi Flynn,PG,24,TOR,53,2,691,87,242,0.36,47,133,0.353,40,109,0.367,0.457,25,33,0.758,15,61,76,70,21,4,25,65,246,flynnma01,2145720
Simone Fontecchio,SF,27,UTA,52,6,766,115,312,0.369,63,191,0.33,52,121,0.43,0.47,35,44,0.795,31,55,86,42,15,8,39,62,328,fontesi01,3205128
Bryn Forbes,SG,29,MIN,25,0,268,30,83,0.361,14,46,0.304,16,37,0.432,0.446,15,15,1.0,4,11,15,17,7,2,12,22,89,forbebr01,1836090
Evan Fournier,SG,30,NYK,27,7,459,56,166,0.337,35,114,0.307,21,52,0.404,0.443,18,21,0.857,4,45,49,36,16,3,22,46,165,fournev01,18000000
De'Aaron Fox,PG,25,SAC,73,73,2435,682,1331,0.512,119,367,0.324,563,964,0.584,0.557,343,440,0.78,40,266,306,447,83,23,181,172,1826,foxde01,30351780
Markelle Fultz,PG,24,ORL,60,60,1778,349,679,0.514,27,87,0.31,322,592,0.544,0.534,112,143,0.783,69,165,234,341,87,26,139,131,837,fultzma01,16500000
Wenyen Gabriel,PF,25,LAL,68,2,1024,155,260,0.596,10,36,0.278,145,224,0.647,0.615,52,84,0.619,116,170,286,36,26,35,46,144,372,gabriwe01,1878720
Daniel Gafford,C,24,WAS,78,47,1604,289,395,0.732,0,0,,289,395,0.732,0.732,127,187,0.679,163,270,433,84,33,99,85,187,705,gaffoda01,1930681
Darius Garland,PG,23,CLE,69,69,2447,522,1129,0.462,169,412,0.41,353,717,0.492,0.537,277,321,0.863,28,157,185,538,85,9,199,148,1490,garlada01,8920795
Usman Garuba,PF,20,HOU,75,1,970,86,177,0.486,24,59,0.407,62,118,0.525,0.554,29,47,0.617,120,187,307,64,44,29,47,135,225,garubus01,2471160
Rudy Gay,PF,36,UTA,56,0,816,109,287,0.38,33,130,0.254,76,157,0.484,0.437,42,49,0.857,33,130,163,57,19,18,37,68,293,gayru01,6184500
Paul George,SG,32,LAC,56,56,1939,459,1004,0.457,158,426,0.371,301,578,0.521,0.536,256,294,0.871,45,297,342,288,83,20,176,159,1332,georgpa01,42492492
Taj Gibson,C,37,WAS,49,2,480,65,125,0.52,8,24,0.333,57,101,0.564,0.552,30,42,0.714,32,61,93,34,15,12,26,84,168,gibsota01,1836090
Josh Giddey,SG,20,OKC,76,76,2367,539,1118,0.482,76,234,0.325,463,884,0.524,0.516,106,145,0.731,148,451,599,469,57,31,211,143,1260,giddejo01,6287400
Shai Gilgeous-Alexander,PG,24,OKC,68,68,2416,704,1381,0.51,58,168,0.345,646,1213,0.533,0.531,669,739,0.905,59,270,329,371,112,65,192,192,2135,gilgesh01,30913750
Anthony Gill,PF,30,WAS,59,8,624,71,132,0.538,4,29,0.138,67,103,0.65,0.553,49,67,0.731,37,62,99,34,7,12,15,70,195,gillan01,1836090
Rudy Gobert,C,30,MIN,70,70,2148,360,546,0.659,0,3,0.0,360,543,0.663,0.659,219,340,0.644,231,583,814,87,56,95,122,210,939,goberru01,38172414
Jordan Goodwin,PG,24,WAS,62,7,1106,158,353,0.448,38,118,0.322,120,235,0.511,0.501,53,69,0.768,57,148,205,168,58,26,57,95,407,goodwjo01,900000
Aaron Gordon,PF,27,DEN,68,68,2055,429,761,0.564,60,173,0.347,369,588,0.628,0.603,191,314,0.608,164,282,446,203,54,51,98,129,1109,gordoaa01,19690909
Eric Gordon,SG,34,TOT,69,58,1965,291,653,0.446,132,356,0.371,159,297,0.535,0.547,142,173,0.821,16,118,134,183,43,25,104,78,856,gordoer01,19568360
Devonte' Graham,PG,27,TOT,73,8,1338,161,431,0.374,119,338,0.352,42,93,0.452,0.512,98,131,0.748,19,103,122,196,45,16,53,79,539,grahade01,11550000
Jerami Grant,PF,28,POR,63,63,2246,434,913,0.475,144,359,0.401,290,554,0.523,0.554,278,342,0.813,53,230,283,150,51,53,116,152,1290,grantje01,20955000
Danny Green,SG,35,TOT,11,0,138,22,49,0.449,16,37,0.432,6,12,0.5,0.612,1,1,1.0,3,11,14,6,6,3,10,16,61,greenda02,11710528
Draymond Green,PF,32,GSW,73,73,2297,250,474,0.527,40,131,0.305,210,343,0.612,0.57,77,108,0.713,66,459,525,500,74,60,204,229,617,greendr01,25806468
Jalen Green,SG,20,HOU,76,76,2602,566,1359,0.416,187,554,0.338,379,805,0.471,0.485,364,463,0.786,43,241,284,281,59,18,200,131,1683,greenja05,9441840
JaMychal Green,PF,32,GSW,57,1,797,136,252,0.54,42,111,0.378,94,141,0.667,0.623,52,67,0.776,72,133,205,51,25,23,52,105,366,greenja01,10036090
Javonte Green,SG,29,CHI,32,1,480,61,108,0.565,13,35,0.371,48,73,0.658,0.625,30,45,0.667,27,61,88,23,24,21,20,52,165,greenja02,1815677
Jeff Green,PF,36,DEN,56,4,1091,160,328,0.488,30,104,0.288,130,224,0.58,0.534,87,117,0.744,38,106,144,69,18,17,46,99,437,greenje02,4500000
Josh Green,SG,22,DAL,60,21,1539,205,382,0.537,68,169,0.402,137,213,0.643,0.626,68,94,0.723,55,127,182,103,42,5,72,156,546,greenjo02,3098400
AJ Griffin,SF,19,ATL,72,12,1401,248,533,0.465,101,259,0.39,147,274,0.536,0.56,42,47,0.894,37,116,153,73,42,12,42,87,639,griffaj01,3536160
Blake Griffin,C,33,BOS,41,16,569,63,130,0.485,23,66,0.348,40,64,0.625,0.573,21,32,0.656,47,108,155,61,14,9,22,75,170,griffbl01,1836090
Quentin Grimes,SG,22,NYK,71,66,2121,282,602,0.468,157,407,0.386,125,195,0.641,0.599,78,98,0.796,49,180,229,150,47,26,69,177,799,grimequ01,2277000
Rui Hachimura,PF,24,TOT,63,9,1466,284,584,0.486,51,160,0.319,233,424,0.55,0.53,88,119,0.739,53,230,283,58,19,26,53,72,707,hachiru01,6263188
Tyrese Haliburton,PG,22,IND,56,56,1883,412,841,0.49,161,402,0.4,251,439,0.572,0.586,175,201,0.871,33,172,205,585,91,25,141,69,1160,halibty01,4215120
R.J. Hampton,PG,21,TOT,47,3,750,102,237,0.43,41,116,0.353,61,121,0.504,0.517,57,76,0.75,18,69,87,54,27,9,42,51,302,hamptrj01,2898243
Tim Hardaway Jr.,SG,30,DAL,71,45,2152,340,847,0.401,212,550,0.385,128,297,0.431,0.527,127,165,0.77,21,230,251,129,49,12,60,120,1019,hardati02,19602273
James Harden,PG,33,PHI,58,58,2135,371,842,0.441,161,418,0.385,210,424,0.495,0.536,313,361,0.867,40,314,354,618,71,31,195,112,1216,hardeja01,33000000
Jaden Hardy,SG,20,DAL,48,5,708,146,333,0.438,63,156,0.404,83,177,0.469,0.533,65,79,0.823,11,78,89,65,17,7,46,64,420,hardyja02,1017781
Montrezl Harrell,C,29,PHI,57,7,681,125,209,0.598,0,6,0.0,125,203,0.616,0.598,70,101,0.693,67,92,159,33,17,25,35,75,320,harremo01,2463490
Gary Harris,SG,28,ORL,48,42,1184,138,307,0.45,94,218,0.431,44,89,0.494,0.603,27,30,0.9,21,77,98,59,45,12,28,93,397,harriga01,13000000
Joe Harris,SG,31,BRK,74,33,1527,201,440,0.457,142,333,0.426,59,107,0.551,0.618,18,28,0.643,23,141,164,101,34,13,41,140,562,harrijo01,18642857
Tobias Harris,PF,30,PHI,74,74,2436,423,845,0.501,126,324,0.389,297,521,0.57,0.575,113,129,0.876,67,357,424,186,68,40,89,149,1085,harrito02,37633050
Josh Hart,SF,27,TOT,76,52,2454,275,520,0.529,61,164,0.372,214,356,0.601,0.588,132,176,0.75,142,451,593,290,88,21,117,195,743,hartjo01,12960000
Isaiah Hartenstein,C,24,NYK,82,8,1626,175,327,0.535,8,37,0.216,167,290,0.576,0.547,48,71,0.676,209,327,536,102,53,64,66,213,406,harteis01,7804879
Udonis Haslem,C,42,MIA,7,1,71,10,29,0.345,3,9,0.333,7,20,0.35,0.397,4,5,0.8,4,7,11,0,1,2,1,11,27,hasleud01,1836090
Sam Hauser,PF,25,BOS,80,8,1290,180,396,0.455,140,335,0.418,40,61,0.656,0.631,12,17,0.706,35,169,204,71,29,21,30,99,512,hausesa01,1637966
Jaxson Hayes,C,22,NOP,47,2,610,86,156,0.551,3,29,0.103,83,127,0.654,0.561,58,83,0.699,39,93,132,34,20,19,31,67,233,hayesja02,6803012
Killian Hayes,PG,21,DET,76,56,2154,307,815,0.377,80,286,0.28,227,529,0.429,0.426,92,112,0.821,28,193,221,470,104,28,173,219,786,hayeski01,5837760
Gordon Hayward,SF,32,CHO,50,50,1577,276,581,0.475,52,160,0.325,224,421,0.532,0.52,129,159,0.811,33,182,215,206,42,12,99,70,733,haywago01,30075000
Juancho Hernangómez,PF,27,TOR,42,10,614,48,114,0.421,17,67,0.254,31,47,0.66,0.496,9,16,0.563,27,96,123,25,16,6,15,43,122,hernaju01,1836090
Willy Hernangómez,C,28,NOP,38,2,458,89,169,0.527,3,11,0.273,86,158,0.544,0.536,81,104,0.779,58,122,180,33,17,13,39,64,262,hernawi01,2443581
Tyler Herro,SG,23,MIA,67,67,2337,487,1109,0.439,203,537,0.378,284,572,0.497,0.531,170,182,0.934,27,333,360,280,51,16,158,101,1347,herroty01,5722116
Buddy Hield,SF,30,IND,80,73,2482,475,1038,0.458,288,677,0.425,187,361,0.518,0.596,106,129,0.822,67,333,400,225,92,26,139,156,1344,hieldbu01,21177750
Haywood Highsmith,SF,26,MIA,54,11,969,93,216,0.431,37,109,0.339,56,107,0.523,0.516,13,28,0.464,57,131,188,43,36,17,45,82,236,highsha01,1752638
George Hill,PG,36,TOT,46,1,834,78,166,0.47,34,95,0.358,44,71,0.62,0.572,42,55,0.764,15,70,85,110,26,6,34,55,232,hillge01,4000000
Aaron Holiday,PG,26,ATL,63,6,845,92,220,0.418,36,88,0.409,56,132,0.424,0.5,27,32,0.844,25,49,74,89,37,12,36,79,247,holidaa01,1836090
Jrue Holiday,PG,32,MIL,67,65,2183,490,1023,0.479,158,411,0.384,332,612,0.542,0.556,152,177,0.859,79,262,341,495,79,25,197,116,1290,holidjr01,33665040
Justin Holiday,SG,33,TOT,46,2,706,77,204,0.377,46,143,0.322,31,61,0.508,0.49,5,8,0.625,5,50,55,41,19,19,22,68,205,holidju01,6862261
Richaun Holmes,C,29,SAC,42,1,348,55,89,0.618,5,8,0.625,50,81,0.617,0.646,15,19,0.789,29,51,80,9,3,11,14,50,130,holmeri01,11215260
Al Horford,C,36,BOS,63,63,1922,228,479,0.476,145,325,0.446,83,154,0.539,0.627,15,21,0.714,73,317,390,189,30,61,37,121,616,horfoal01,26500000
Talen Horton-Tucker,SG,22,UTA,65,20,1313,257,613,0.419,58,203,0.286,199,410,0.485,0.467,126,168,0.75,41,169,210,246,41,29,126,108,698,hortota01,10260000
Danuel House Jr.,SF,29,PHI,56,5,807,93,197,0.472,37,110,0.336,56,87,0.644,0.566,45,60,0.75,9,85,94,44,14,9,26,69,268,houseda01,4105000
Caleb Houstan,SF,20,ORL,51,4,812,66,182,0.363,46,136,0.338,20,46,0.435,0.489,15,18,0.833,34,65,99,30,12,7,18,63,193,houstca01,2000000
Kevin Huerter,SG,24,SAC,75,75,2203,420,866,0.485,205,510,0.402,215,356,0.604,0.603,95,131,0.725,42,209,251,221,80,24,97,181,1140,huertke01,14508929
De'Andre Hunter,SF,25,ATL,67,67,2126,379,822,0.461,100,286,0.35,279,536,0.521,0.522,171,207,0.826,46,238,284,94,35,17,82,199,1029,huntede01,9835881
Bones Hyland,PG,22,TOT,56,1,1085,228,571,0.399,117,315,0.371,111,256,0.434,0.502,86,102,0.843,20,115,135,172,39,15,82,96,659,hylanbo01,2201520
Serge Ibaka,C,33,MIL,16,0,185,26,54,0.481,6,18,0.333,20,36,0.556,0.537,8,13,0.615,15,29,44,4,2,7,11,23,66,ibakase01,1836090
Andre Iguodala,SF,39,GSW,8,0,113,7,15,0.467,1,9,0.111,6,6,1.0,0.5,2,3,0.667,3,14,17,19,4,3,9,11,17,iguodan01,1836090
Joe Ingles,SF,35,MIL,46,0,1044,108,248,0.435,83,203,0.409,25,45,0.556,0.603,18,21,0.857,13,115,128,150,33,6,55,74,317,inglejo01,6479000
Brandon Ingram,SF,25,NOP,45,45,1538,404,835,0.484,64,164,0.39,340,671,0.507,0.522,240,272,0.882,23,223,246,262,32,19,148,116,1112,ingrabr01,31650600
Kyrie Irving,PG,30,TOT,60,60,2241,594,1203,0.494,188,496,0.379,406,707,0.574,0.572,247,273,0.905,59,245,304,331,66,45,128,165,1623,irvinky01,38917057
Jonathan Isaac,PF,25,ORL,11,0,124,22,53,0.415,6,15,0.4,16,38,0.421,0.472,5,9,0.556,15,29,44,6,14,4,4,5,55,isaacjo01,17400000
Jaden Ivey,SG,20,DET,74,73,2304,409,983,0.416,120,350,0.343,289,633,0.457,0.477,266,356,0.747,73,215,288,387,61,17,237,242,1204,iveyja01,7252200
Isaiah Jackson,C,21,IND,63,12,1042,179,318,0.563,2,14,0.143,177,304,0.582,0.566,95,146,0.651,113,169,282,51,31,93,51,154,455,jacksis01,2573760
Jaren Jackson Jr.,C,23,MEM,63,63,1787,416,822,0.506,100,282,0.355,316,540,0.585,0.567,241,306,0.788,108,318,426,60,65,189,107,227,1173,jacksja02,28946605
Justin Jackson,SF,27,BOS,23,0,107,7,27,0.259,5,20,0.25,2,7,0.286,0.352,1,2,0.5,2,15,17,9,4,4,2,7,20,jacksju01,1836090
Reggie Jackson,PG,32,TOT,68,40,1657,263,640,0.411,96,288,0.333,167,352,0.474,0.486,71,78,0.91,25,119,144,233,47,6,115,114,693,jacksre01,11795633
LeBron James,PF,38,LAL,55,54,1954,609,1219,0.5,121,377,0.321,488,842,0.58,0.549,251,327,0.768,65,392,457,375,50,32,178,88,1590,jamesle01,44474988
Ty Jerome,SG,25,GSW,45,2,816,118,242,0.488,35,90,0.389,83,152,0.546,0.56,38,41,0.927,7,71,78,135,23,5,30,64,309,jeromty01,4220057
Isaiah Joe,SG,23,OKC,73,10,1395,224,508,0.441,161,394,0.409,63,114,0.553,0.599,82,100,0.82,27,148,175,88,48,8,39,105,691,joeis01,1836090
Alize Johnson,PF,26,SAS,4,0,30,3,6,0.5,0,2,0.0,3,4,0.75,0.5,1,2,0.5,2,8,10,1,1,0,4,3,7,johnsal02,192293
Cameron Johnson,PF,26,TOT,42,41,1199,223,474,0.47,103,255,0.404,120,219,0.548,0.579,101,120,0.842,34,151,185,78,50,14,37,83,650,johnsca02,5887899
Jalen Johnson,SF,21,ATL,70,6,1042,158,322,0.491,30,104,0.288,128,218,0.587,0.537,49,78,0.628,51,231,282,83,38,34,41,113,395,johnsja05,2792640
James Johnson,PF,35,IND,18,1,162,22,49,0.449,3,15,0.2,19,34,0.559,0.48,4,8,0.5,4,26,30,15,7,6,8,32,51,johnsja01,2427016
Keldon Johnson,SF,23,SAS,63,63,2063,503,1113,0.452,134,407,0.329,369,706,0.523,0.512,245,327,0.749,56,262,318,183,46,11,134,125,1385,johnske04,3873025
Keon Johnson,SG,20,POR,40,0,416,67,178,0.376,28,81,0.346,39,97,0.402,0.455,27,41,0.659,11,33,44,59,19,6,43,43,189,johnske07,2681040
Stanley Johnson,SF,26,SAS,30,0,469,65,122,0.533,18,40,0.45,47,82,0.573,0.607,26,39,0.667,22,73,95,67,16,6,33,48,174,johnsst04,3596685
Nikola Jokić,C,27,DEN,69,69,2323,646,1022,0.632,57,149,0.383,589,873,0.675,0.66,341,415,0.822,167,650,817,678,87,47,247,174,1690,jokicni01,33047803
Carlik Jones,PG,25,CHI,7,0,56,6,15,0.4,3,6,0.5,3,9,0.333,0.5,5,8,0.625,1,4,5,6,2,0,2,2,20,jonesca03,357717
Damian Jones,C,27,TOT,41,1,477,55,86,0.64,10,17,0.588,45,69,0.652,0.698,22,29,0.759,42,80,122,15,8,21,23,55,142,jonesda03,2298385
Derrick Jones Jr.,SF,25,CHI,64,0,893,115,230,0.5,27,80,0.338,88,150,0.587,0.559,62,84,0.738,60,93,153,34,29,37,25,86,319,jonesde02,3200000
Herbert Jones,SF,24,NOP,66,66,1951,235,501,0.469,56,167,0.335,179,334,0.536,0.525,123,161,0.764,97,172,269,162,103,42,88,208,649,joneshe01,1785000
Kai Jones,C,22,CHO,46,0,550,67,120,0.558,4,19,0.211,63,101,0.624,0.575,19,26,0.731,37,86,123,15,17,30,31,65,157,joneska01,2909040
Tre Jones,PG,23,SAS,68,65,1984,341,743,0.459,45,158,0.285,296,585,0.506,0.489,148,172,0.86,56,189,245,448,89,9,110,98,875,jonestr01,1782621
Tyus Jones,PG,26,MEM,80,22,1940,311,710,0.438,121,326,0.371,190,384,0.495,0.523,80,100,0.8,28,172,200,417,83,6,74,32,823,jonesty01,15000000
DeAndre Jordan,C,34,DEN,39,8,586,88,115,0.765,1,1,1.0,87,114,0.763,0.77,22,48,0.458,52,150,202,34,12,23,48,71,199,jordade01,9663997
Cory Joseph,PG,31,DET,62,2,1227,150,351,0.427,70,180,0.389,80,171,0.468,0.527,57,72,0.792,21,85,106,217,34,9,56,88,427,josepco01,5155500
Nikola Jović,PF,19,MIA,15,8,204,28,69,0.406,8,35,0.229,20,34,0.588,0.464,18,19,0.947,9,22,31,10,7,2,10,19,82,jovicni01,2239920
Frank Kaminsky,C,29,TOT,36,0,235,31,63,0.492,13,33,0.394,18,30,0.6,0.595,14,16,0.875,7,45,52,32,6,4,9,22,89,kaminfr01,1836090
Luke Kennard,SG,26,TOT,59,14,1315,188,382,0.492,133,269,0.494,55,113,0.487,0.666,37,39,0.949,15,143,158,91,32,5,46,82,546,kennalu01,14415545
Walker Kessler,C,21,UTA,74,40,1703,298,414,0.72,1,3,0.333,297,411,0.723,0.721,82,159,0.516,231,389,620,69,26,173,58,169,679,kesslwa01,2696400
Corey Kispert,SF,23,WAS,74,45,2093,291,585,0.497,163,384,0.424,128,201,0.637,0.637,75,88,0.852,33,174,207,87,32,9,55,97,820,kispeco01,3552840
Maxi Kleber,C,31,DAL,37,5,930,77,169,0.456,39,112,0.348,38,57,0.667,0.571,27,38,0.711,30,105,135,52,12,30,27,85,220,klebima01,9000000
Nathan Knight,PF,25,MIN,38,0,291,46,81,0.568,8,22,0.364,38,59,0.644,0.617,39,57,0.684,22,34,56,13,10,6,21,41,139,knighna01,1836090
Kevin Knox,PF,23,TOT,63,5,952,152,332,0.458,65,186,0.349,87,146,0.596,0.556,46,60,0.767,34,143,177,33,24,12,50,95,415,knoxke01,3000000
Christian Koloko,C,22,TOR,58,19,802,72,150,0.48,1,12,0.083,71,138,0.514,0.483,37,59,0.627,84,87,171,31,21,57,20,128,182,kolokch01,1500000
John Konchar,SG,26,MEM,72,23,1494,138,320,0.431,60,177,0.339,78,143,0.545,0.525,28,36,0.778,64,246,310,100,77,25,37,112,364,konchjo01,2300000
Furkan Korkmaz,SG,25,PHI,37,0,353,48,111,0.432,18,46,0.391,30,65,0.462,0.514,26,36,0.722,6,36,42,22,10,3,24,18,140,korkmfu01,5000000
Luke Kornet,C,27,BOS,69,0,804,113,170,0.665,3,13,0.231,110,157,0.701,0.674,32,39,0.821,86,111,197,53,11,46,25,81,261,kornelu01,2133278
Vit Krejci,PG,22,ATL,29,0,165,15,37,0.405,5,21,0.238,10,16,0.625,0.473,1,2,0.5,6,20,26,17,5,1,5,17,36,krejcvi01,1563518
Jonathan Kuminga,PF,20,GSW,67,16,1394,261,497,0.525,54,146,0.37,207,351,0.59,0.579,90,138,0.652,70,161,231,125,41,31,95,157,666,kuminjo01,5739840
Kyle Kuzma,PF,27,WAS,64,64,2239,512,1142,0.448,160,481,0.333,352,661,0.533,0.518,173,237,0.73,55,408,463,239,36,29,190,145,1357,kuzmaky01,13000000
Anthony Lamb,SF,25,GSW,62,4,1195,148,314,0.471,73,199,0.367,75,115,0.652,0.588,46,60,0.767,56,159,215,96,28,20,54,134,415,lamban01,253254
Jock Landale,C,27,PHO,69,4,979,178,337,0.528,21,84,0.25,157,253,0.621,0.559,79,105,0.752,119,161,280,68,16,30,59,126,456,landajo01,1563518
Romeo Langford,SG,23,SAS,43,21,844,121,259,0.467,16,61,0.262,105,198,0.53,0.498,39,56,0.696,57,57,114,50,24,13,30,67,297,langfro01,5634257
Jake LaRavia,PF,21,MEM,35,0,414,37,95,0.389,24,71,0.338,13,24,0.542,0.516,7,9,0.778,19,44,63,21,12,4,18,49,105,laravja01,3047640
Zach LaVine,SG,27,CHI,77,77,2768,673,1388,0.485,204,544,0.375,469,844,0.556,0.558,363,428,0.848,42,303,345,327,69,18,194,159,1913,lavinza01,37096500
Damion Lee,SG,30,PHO,74,5,1506,200,452,0.442,110,247,0.445,90,205,0.439,0.564,94,104,0.904,39,186,225,99,30,7,78,118,604,leeda03,1836090
Saben Lee,PG,23,TOT,25,1,373,49,121,0.405,11,30,0.367,38,91,0.418,0.45,42,57,0.737,13,32,45,67,19,1,24,32,151,leesa01,1752638
Alex Len,C,29,SAC,26,2,161,16,30,0.533,0,2,0.0,16,28,0.571,0.533,11,16,0.688,24,36,60,12,4,11,16,28,43,lenal01,3918600
Kawhi Leonard,SF,31,LAC,52,50,1748,446,871,0.512,104,250,0.416,342,621,0.551,0.572,243,279,0.871,57,281,338,204,72,28,88,84,1239,leonaka01,42492492
Meyers Leonard,C,30,MIL,9,2,114,14,29,0.483,7,18,0.389,7,11,0.636,0.603,8,9,0.889,12,22,34,1,2,0,6,16,43,leoname01,105522
Caris LeVert,SG,28,CLE,74,30,2237,320,742,0.431,127,324,0.392,193,418,0.462,0.517,130,180,0.722,53,229,282,287,72,24,116,170,897,leverca01,18796296
Kira Lewis Jr.,PG,21,NOP,25,0,235,40,88,0.455,15,34,0.441,25,54,0.463,0.54,19,22,0.864,5,28,33,23,10,2,10,24,114,lewiski01,4004280
Damian Lillard,PG,32,POR,58,58,2107,556,1202,0.463,244,658,0.371,312,544,0.574,0.564,510,558,0.914,44,233,277,425,50,18,191,109,1866,lillada01,42492492
Nassir Little,SF,22,POR,54,4,976,134,303,0.442,58,158,0.367,76,145,0.524,0.538,33,46,0.717,27,114,141,50,20,20,36,66,359,littlna01,4171548
Isaiah Livers,PF,24,DET,52,22,1199,120,288,0.417,74,203,0.365,46,85,0.541,0.545,32,39,0.821,28,115,143,41,28,28,30,103,346,liveris01,1563518
Kevon Looney,C,26,GSW,82,70,1958,242,384,0.63,0,1,0.0,242,383,0.632,0.63,94,155,0.606,274,486,760,207,52,50,45,225,578,looneke01,8000000
Brook Lopez,C,34,MIL,78,78,2373,477,899,0.531,136,364,0.374,341,535,0.637,0.606,149,190,0.784,157,363,520,99,37,193,107,203,1239,lopezbr01,13906976
Robin Lopez,C,34,CLE,37,2,299,48,75,0.64,2,4,0.5,46,71,0.648,0.653,14,18,0.778,23,28,51,19,2,8,25,43,112,lopezro01,1836090
Kevin Love,PF,34,TOT,62,20,1240,165,424,0.389,99,296,0.334,66,128,0.516,0.506,80,91,0.879,59,340,399,116,16,12,70,97,509,loveke01,32056968
Kyle Lowry,PG,36,MIA,55,44,1718,196,485,0.404,107,310,0.345,89,175,0.509,0.514,116,135,0.859,43,182,225,281,57,21,103,143,615,lowryky01,28333334
Trey Lyles,PF,27,SAC,74,0,1247,187,408,0.458,87,240,0.363,100,168,0.595,0.565,101,124,0.815,68,232,300,66,27,31,64,97,562,lylestr01,2625000
Théo Maledon,PG,21,CHO,44,7,854,102,254,0.402,28,95,0.295,74,159,0.465,0.457,63,74,0.851,14,109,123,152,37,12,59,61,295,maledth01,1900000
Sandro Mamukelashvili,C,23,TOT,43,7,660,97,230,0.422,30,99,0.303,67,131,0.511,0.487,39,57,0.684,70,115,185,62,14,12,35,52,263,mamuksa01,357717
Terance Mann,SG,26,LAC,81,36,1872,272,524,0.519,77,198,0.389,195,326,0.598,0.593,92,118,0.78,77,199,276,184,42,22,80,149,713,mannte01,1930681
Tre Mann,PG,21,OKC,67,5,1183,197,501,0.393,81,257,0.315,116,244,0.475,0.474,42,55,0.764,27,128,155,120,40,11,62,99,517,manntr01,3046200
Boban Marjanović,C,34,HOU,31,0,171,41,60,0.683,0,1,0.0,41,59,0.695,0.683,20,27,0.741,20,40,60,9,5,2,14,10,102,marjabo01,4101478
Lauri Markkanen,SF,25,UTA,66,66,2273,571,1145,0.499,200,511,0.391,371,634,0.585,0.586,349,399,0.875,130,440,570,123,42,38,127,137,1691,markkla01,16475454
Naji Marshall,SF,25,NOP,77,21,1792,247,571,0.433,66,218,0.303,181,353,0.513,0.49,138,175,0.789,48,231,279,189,54,14,97,113,698,marshna01,1782621
Caleb Martin,PF,27,MIA,71,49,2077,254,548,0.464,84,236,0.356,170,312,0.545,0.54,91,113,0.805,88,256,344,117,71,31,78,145,683,martica02,6479000
Cody Martin,SF,27,CHO,7,0,134,14,36,0.389,3,14,0.214,11,22,0.5,0.431,4,7,0.571,8,16,24,11,4,1,2,13,35,martico01,7000000
Kenyon Martin Jr.,SF,22,HOU,82,49,2292,410,720,0.569,68,216,0.315,342,504,0.679,0.617,151,222,0.68,126,326,452,123,41,30,91,147,1039,martike04,1782621
Tyrese Martin,SG,23,ATL,16,0,66,9,23,0.391,1,7,0.143,8,16,0.5,0.413,2,2,1.0,5,7,12,2,1,0,2,2,21,martity01,1017781
Garrison Mathews,SG,26,TOT,54,0,686,73,201,0.363,63,180,0.35,10,21,0.476,0.52,48,53,0.906,11,62,73,26,24,5,19,62,257,mathega01,2000000
Bennedict Mathurin,SF,20,IND,78,17,2222,413,951,0.434,100,310,0.323,313,641,0.488,0.487,376,454,0.828,87,231,318,116,48,13,152,162,1302,mathube01,6586800
Wesley Matthews,SG,36,MIL,52,0,820,58,160,0.363,39,124,0.315,19,36,0.528,0.484,24,28,0.857,34,79,113,34,20,13,18,71,179,matthwe02,1836090
Tyrese Maxey,SG,22,PHI,60,41,2016,439,913,0.481,160,369,0.434,279,544,0.513,0.568,180,213,0.845,23,153,176,212,49,8,80,132,1218,maxeyty01,2726880
Miles McBride,PG,22,NYK,64,2,760,77,215,0.358,40,134,0.299,37,81,0.457,0.451,28,42,0.667,13,37,50,72,37,8,25,60,222,mcbrimi01,1563518
Mac McClung,SG,24,PHI,2,0,41,9,20,0.45,4,11,0.364,5,9,0.556,0.55,3,5,0.6,3,7,10,9,0,0,3,3,25,mccluma01,1637966
CJ McCollum,SG,31,NOP,75,75,2649,587,1344,0.437,211,543,0.389,376,801,0.469,0.515,183,238,0.769,55,273,328,429,70,38,183,153,1568,mccolcj01,33333333
T.J. McConnell,PG,30,IND,75,6,1526,283,521,0.543,26,59,0.441,257,462,0.556,0.568,58,68,0.853,45,189,234,397,81,10,143,105,650,mccontj01,8100000
Jaden McDaniels,SF,22,MIN,79,79,2416,370,716,0.517,107,269,0.398,263,447,0.588,0.591,106,144,0.736,92,215,307,148,74,76,112,272,953,mcdanja02,2161440
Jalen McDaniels,SF,25,TOT,80,24,1913,281,617,0.455,77,232,0.332,204,385,0.53,0.518,116,138,0.841,63,283,346,130,83,34,93,209,755,mcdanja01,1930681
Doug McDermott,SF,31,SAS,64,0,1314,239,523,0.457,123,298,0.413,116,225,0.516,0.575,53,70,0.757,24,115,139,91,13,6,58,118,654,mcderdo01,13750000
JaVale McGee,C,35,DAL,42,7,355,80,125,0.64,2,5,0.4,78,120,0.65,0.648,24,41,0.585,30,77,107,11,4,26,36,54,186,mcgeeja01,5461219
Bryce McGowens,SG,20,CHO,46,7,787,80,202,0.396,26,80,0.325,54,122,0.443,0.46,60,80,0.75,20,73,93,54,15,6,43,48,246,mcgowbr01,1075000
Rodney McGruder,SG,31,DET,32,12,524,62,152,0.408,41,97,0.423,21,55,0.382,0.543,18,22,0.818,20,54,74,28,16,1,11,39,183,mcgruro01,1836090
Jordan McLaughlin,PG,26,MIN,43,0,678,61,145,0.421,24,78,0.308,37,67,0.552,0.503,15,18,0.833,15,47,62,148,32,4,33,28,161,mclaujo01,2160000
De'Anthony Melton,PG,24,PHI,77,58,2150,277,651,0.425,157,403,0.39,120,248,0.484,0.546,69,87,0.793,69,243,312,197,126,41,102,191,780,meltode01,8250000
Sam Merrill,SG,26,CLE,5,0,59,9,22,0.409,5,18,0.278,4,4,1.0,0.523,2,2,1.0,0,9,9,5,4,0,0,3,25,merrisa01,1000000
Chimezie Metu,C,25,SAC,66,0,689,129,219,0.589,9,38,0.237,120,181,0.663,0.61,54,73,0.74,47,151,198,40,22,21,32,81,321,metuch01,1910860
Khris Middleton,SF,31,MIL,33,19,801,177,406,0.436,51,162,0.315,126,244,0.516,0.499,92,102,0.902,28,112,140,163,23,5,71,68,497,middlkh01,37948276
Patty Mills,PG,34,BRK,40,2,567,86,209,0.411,49,134,0.366,37,75,0.493,0.529,25,30,0.833,8,36,44,56,15,3,30,32,246,millspa02,6479000
Shake Milton,SG,26,PHI,76,11,1567,241,503,0.479,56,148,0.378,185,355,0.521,0.535,99,116,0.853,39,152,191,240,25,13,94,123,637,miltosh01,1997718
Josh Minott,SF,20,MIN,15,0,96,18,36,0.5,2,6,0.333,16,30,0.533,0.528,8,8,1.0,5,20,25,5,4,6,3,10,46,minotjo01,1017781
Davion Mitchell,PG,24,SAC,80,9,1447,181,399,0.454,63,197,0.32,118,202,0.584,0.533,25,31,0.806,16,89,105,185,44,15,62,112,450,mitchda01,4833600
Donovan Mitchell,SG,26,CLE,68,68,2432,679,1402,0.484,245,635,0.386,434,767,0.566,0.572,319,368,0.867,63,226,289,301,99,27,180,168,1922,mitchdo01,30913750
Evan Mobley,PF,21,CLE,79,79,2715,525,947,0.554,22,102,0.216,503,845,0.595,0.566,205,304,0.674,187,524,711,224,60,119,146,218,1277,mobleev01,8478720
Chima Moneke,SF,27,SAC,2,0,8,1,2,0.5,0,0,,1,2,0.5,0.5,0,2,0.0,2,0,2,1,0,0,2,2,2,monekch01,500000
Malik Monk,SG,24,SAC,77,0,1719,357,796,0.448,143,398,0.359,214,398,0.538,0.538,184,207,0.889,32,171,203,298,49,20,146,125,1041,monkma01,9472219
Moses Moody,SG,20,GSW,63,3,817,108,227,0.476,49,135,0.363,59,92,0.641,0.584,37,53,0.698,28,77,105,51,18,7,34,54,302,moodymo01,3740160
Wendell Moore Jr.,SG,21,MIN,29,2,153,18,43,0.419,2,17,0.118,16,26,0.615,0.442,4,5,0.8,4,14,18,18,8,5,8,13,42,moorewe01,2306520
Ja Morant,PG,23,MEM,61,59,1948,566,1214,0.466,92,300,0.307,474,914,0.519,0.504,372,497,0.748,61,296,357,493,66,16,206,100,1596,moranja01,12119440
Marcus Morris,PF,33,LAC,65,65,1825,274,643,0.426,112,308,0.364,162,335,0.484,0.513,68,87,0.782,29,229,258,114,42,21,56,136,728,morrima03,16372093
Markieff Morris,PF,33,TOT,35,2,355,47,115,0.409,28,71,0.394,19,44,0.432,0.53,10,10,1.0,13,58,71,31,9,5,18,48,132,morrima02,1836090
Monte Morris,PG,27,WAS,62,61,1695,247,515,0.48,78,204,0.382,169,311,0.543,0.555,64,77,0.831,26,184,210,326,43,13,60,75,636,morrimo01,9125000
Trey Murphy III,SF,22,NOP,79,65,2448,387,800,0.484,202,497,0.406,185,303,0.611,0.61,172,190,0.905,59,222,281,112,89,43,61,155,1148,murphtr02,3206520
Dejounte Murray,SG,26,ATL,74,74,2693,612,1319,0.464,133,387,0.344,479,932,0.514,0.514,158,190,0.832,53,336,389,448,112,19,160,106,1515,murrade01,16571120
Jamal Murray,PG,25,DEN,65,65,2133,473,1041,0.454,172,432,0.398,301,609,0.494,0.537,180,216,0.833,48,209,257,400,66,16,145,103,1298,murraja01,31650600
Keegan Murray,SF,22,SAC,80,78,2382,354,782,0.453,206,501,0.411,148,281,0.527,0.584,62,81,0.765,89,282,371,98,61,42,60,162,976,murrake02,8008440
Mike Muscala,C,31,TOT,63,9,945,131,292,0.449,81,207,0.391,50,85,0.588,0.587,40,52,0.769,37,166,203,50,15,24,23,98,383,muscami01,3500000
Svi Mykhailiuk,SF,25,TOT,32,8,468,77,173,0.445,42,99,0.424,35,74,0.473,0.566,26,39,0.667,15,38,53,53,15,4,24,23,222,mykhasv01,3714810
Larry Nance Jr.,PF,30,NOP,65,1,1381,186,305,0.61,14,42,0.333,172,263,0.654,0.633,55,79,0.696,106,248,354,119,56,37,42,133,441,nancela02,9672727
Andrew Nembhard,SG,23,IND,75,63,2073,284,644,0.441,92,263,0.35,192,381,0.504,0.512,49,62,0.79,35,164,199,341,70,13,126,179,709,nembhan01,2244111
Aaron Nesmith,SF,23,IND,73,60,1816,252,590,0.427,115,314,0.366,137,276,0.496,0.525,119,142,0.838,62,215,277,98,55,34,75,235,738,nesmiaa01,3804360
Raul Neto,PG,30,CLE,48,1,505,57,110,0.518,12,42,0.286,45,68,0.662,0.573,31,34,0.912,10,36,46,79,17,4,24,49,157,netora01,1836090
Georges Niang,PF,29,PHI,78,1,1512,222,502,0.442,154,384,0.401,68,118,0.576,0.596,39,45,0.867,19,166,185,77,30,14,54,145,637,niangge01,3465000
Daishen Nix,PG,20,HOU,57,7,914,81,237,0.342,40,140,0.286,41,97,0.423,0.426,24,36,0.667,18,80,98,132,31,7,86,59,226,nixda01,1563518
Zeke Nnaji,PF,22,DEN,53,5,728,110,196,0.561,17,65,0.262,93,131,0.71,0.605,40,62,0.645,65,73,138,18,17,23,31,105,277,nnajize01,2617800
Nerlens Noel,C,28,TOT,17,4,195,13,36,0.361,1,2,0.5,12,34,0.353,0.375,8,12,0.667,10,36,46,10,16,10,13,32,35,noelne01,9240000
Jaylen Nowell,SG,23,MIN,65,2,1252,280,625,0.448,67,232,0.289,213,393,0.542,0.502,77,99,0.778,36,134,170,132,42,5,65,101,704,nowelja01,1930681
Frank Ntilikina,PG,24,DAL,47,5,607,48,132,0.364,17,67,0.254,31,65,0.477,0.428,22,33,0.667,7,55,62,58,16,7,29,65,135,ntilila01,2036318
Kendrick Nunn,SG,27,TOT,70,2,964,191,450,0.424,79,223,0.354,112,227,0.493,0.512,35,41,0.854,15,94,109,90,28,7,66,66,496,nunnke01,5250000
Jusuf Nurkić,C,28,POR,52,52,1391,262,505,0.519,43,119,0.361,219,386,0.567,0.561,127,192,0.661,114,357,471,149,43,44,119,185,694,nurkiju01,15625000
Jordan Nwora,SF,24,TOT,62,14,1188,194,445,0.436,86,211,0.408,108,234,0.462,0.533,68,86,0.791,51,178,229,88,24,14,66,74,542,nworajo01,2800000
Royce O'Neale,SF,29,BRK,76,53,2409,229,593,0.386,163,419,0.389,66,174,0.379,0.524,50,69,0.725,55,329,384,283,65,49,114,239,671,onealro01,9200000
Chuma Okeke,SF,24,ORL,27,8,518,43,122,0.352,26,86,0.302,17,36,0.472,0.459,16,21,0.762,26,70,96,37,19,11,17,40,128,okekech01,3433320
Josh Okogie,SG,24,PHO,72,26,1350,162,414,0.391,66,197,0.335,96,217,0.442,0.471,139,192,0.724,109,142,251,105,56,34,63,114,529,okogijo01,1836090
Onyeka Okongwu,C,22,ATL,80,18,1849,317,497,0.638,4,13,0.308,313,484,0.647,0.642,153,196,0.781,217,359,576,81,56,107,81,251,791,okongon01,6395160
Isaac Okoro,SF,22,CLE,76,46,1652,175,354,0.494,62,171,0.363,113,183,0.617,0.582,78,103,0.757,52,135,187,87,56,30,42,158,490,okorois01,7040880
KZ Okpala,PF,23,SAC,35,3,248,16,38,0.421,7,21,0.333,9,17,0.529,0.513,7,8,0.875,7,27,34,13,7,7,7,39,46,okpalkz01,1902133
Victor Oladipo,SG,30,MIA,42,2,1106,160,403,0.397,70,212,0.33,90,191,0.471,0.484,59,79,0.747,16,112,128,146,57,12,87,99,449,oladivi01,8750000
Kelly Olynyk,C,31,UTA,68,68,1942,278,557,0.499,93,236,0.394,185,321,0.576,0.583,198,232,0.853,82,338,420,252,60,37,168,232,847,olynyke01,12804878
Eugene Omoruyi,SF,25,TOT,40,6,645,101,228,0.443,25,89,0.281,76,139,0.547,0.498,51,75,0.68,43,68,111,28,28,3,34,91,278,omorueu01,555402
Cedi Osman,SF,27,CLE,77,2,1548,239,530,0.451,116,312,0.372,123,218,0.564,0.56,75,108,0.694,25,151,176,115,35,11,52,122,669,osmande01,7426088
Kelly Oubre Jr.,SF,27,CHO,48,40,1548,353,819,0.431,108,339,0.319,245,480,0.51,0.497,158,208,0.76,65,184,249,54,68,18,64,141,972,oubreke01,12600000
Chris Paul,PG,37,PHO,59,59,1889,294,668,0.44,98,261,0.375,196,407,0.482,0.513,133,160,0.831,27,224,251,524,91,22,114,126,819,paulch01,28400000
Cameron Payne,PG,28,PHO,48,15,968,188,453,0.415,68,185,0.368,120,268,0.448,0.49,49,64,0.766,12,94,106,214,33,8,81,88,493,payneca01,6000000
Gary Payton II,PG,30,TOT,22,1,367,41,69,0.594,13,26,0.5,28,43,0.651,0.688,6,7,0.857,24,45,69,30,22,5,16,43,101,paytoga02,8300000
Theo Pinson,SG,27,DAL,40,1,323,31,87,0.356,22,62,0.355,9,25,0.36,0.483,11,13,0.846,10,53,63,46,6,1,12,34,95,pinsoth01,1836090
Mason Plumlee,C,32,TOT,79,60,2054,329,484,0.68,0,0,,329,484,0.68,0.68,199,313,0.636,229,471,700,245,46,47,117,217,857,plumlma01,9080417
Jakob Poeltl,C,27,TOT,72,71,1906,389,618,0.629,0,1,0.0,389,617,0.63,0.629,119,201,0.592,236,417,653,197,66,86,125,195,897,poeltja01,9398148
Aleksej Pokusevski,PF,21,OKC,34,25,701,108,249,0.434,38,104,0.365,70,145,0.483,0.51,22,35,0.629,45,114,159,64,20,43,43,58,276,pokusal01,3261480
Jordan Poole,PG,23,GSW,82,43,2458,550,1278,0.43,214,637,0.336,336,641,0.524,0.514,361,415,0.87,32,193,225,369,63,21,252,214,1675,poolejo01,3901399
Kevin Porter Jr.,PG,22,HOU,59,59,2024,391,884,0.442,141,385,0.366,250,499,0.501,0.522,207,264,0.784,76,238,314,338,82,17,188,156,1130,porteke02,3217631
Michael Porter Jr.,SF,24,DEN,62,62,1798,398,817,0.487,188,454,0.414,210,363,0.579,0.602,96,120,0.8,64,277,341,65,37,29,68,119,1080,portemi01,30913750
Otto Porter Jr.,SF,29,TOR,8,2,146,15,30,0.5,6,17,0.353,9,13,0.692,0.6,8,8,1.0,6,13,19,8,11,0,4,7,44,porteot01,6000000
Bobby Portis,PF,27,MIL,70,22,1818,398,803,0.496,95,257,0.37,303,546,0.555,0.555,96,125,0.768,154,518,672,105,29,16,81,115,987,portibo01,10843350
Kristaps Porziņģis,C,27,WAS,65,65,2120,507,1018,0.498,137,356,0.385,370,662,0.559,0.565,354,416,0.851,114,432,546,174,58,100,137,196,1505,porzikr01,33833400
Dwight Powell,C,31,DAL,76,64,1458,197,269,0.732,0,5,0.0,197,264,0.746,0.732,112,168,0.667,149,165,314,69,48,26,65,209,506,poweldw01,11080125
Norman Powell,SG,29,LAC,60,8,1567,340,710,0.479,114,287,0.397,226,423,0.534,0.559,225,277,0.812,24,151,175,109,50,18,101,125,1019,powelno01,16758621
Jason Preston,PG,23,LAC,14,0,124,18,41,0.439,5,18,0.278,13,23,0.565,0.5,0,2,0.0,2,20,22,27,2,0,10,7,41,prestja01,1563518
Joshua Primo,SG,20,SAS,4,0,93,9,26,0.346,3,12,0.25,6,14,0.429,0.404,7,9,0.778,2,11,13,18,1,2,11,8,28,primojo01,4144320
Taurean Prince,SF,28,MIN,54,4,1192,177,379,0.467,74,194,0.381,103,185,0.557,0.565,65,77,0.844,15,117,132,84,28,15,69,123,493,princta02,7295000
Payton Pritchard,PG,25,BOS,48,3,643,101,245,0.412,56,154,0.364,45,91,0.495,0.527,12,16,0.75,25,63,88,64,14,1,40,37,270,pritcpa01,2239200
Trevelin Queen,SG,25,IND,7,0,70,7,29,0.241,2,15,0.133,5,14,0.357,0.276,5,5,1.0,8,9,17,6,2,5,7,4,21,queentr01,330000
Immanuel Quickley,PG,23,NYK,81,21,2344,419,936,0.448,168,454,0.37,251,482,0.521,0.537,203,248,0.819,58,279,337,279,80,14,100,166,1209,quickim01,2316240
Julius Randle,PF,28,NYK,77,77,2737,658,1432,0.459,218,636,0.343,440,796,0.553,0.536,402,531,0.757,141,626,767,316,49,21,216,233,1936,randlju01,23760000
Austin Reaves,SG,24,LAL,64,22,1843,259,490,0.529,86,216,0.398,173,274,0.631,0.616,229,265,0.864,33,160,193,215,33,19,99,108,833,reaveau01,1563518
Cam Reddish,SF,23,TOT,40,20,990,139,312,0.446,45,144,0.313,94,168,0.56,0.518,64,75,0.853,18,70,88,57,39,14,47,72,387,reddica01,5954454
Davon Reed,SG,27,TOT,43,1,342,28,84,0.333,17,46,0.37,11,38,0.289,0.435,16,24,0.667,10,49,59,23,15,4,20,39,89,reedda01,1902133
Paul Reed,C,23,PHI,69,2,755,124,209,0.593,1,6,0.167,123,203,0.606,0.596,38,51,0.745,112,150,262,27,46,51,45,123,287,reedpa01,1782621
Naz Reid,C,23,MIN,68,11,1251,310,577,0.537,75,217,0.346,235,360,0.653,0.602,86,127,0.677,73,260,333,77,42,53,92,176,781,reidna01,1930681
Nick Richards,C,25,CHO,65,9,1217,197,313,0.629,1,1,1.0,196,312,0.628,0.631,137,183,0.749,147,269,416,38,11,71,59,154,532,richani01,1782621
Josh Richardson,SG,29,TOT,65,10,1530,239,554,0.431,107,293,0.365,132,261,0.506,0.528,69,81,0.852,41,134,175,174,69,20,86,117,654,richajo01,12196094
Austin Rivers,SG,30,MIN,52,10,1016,91,209,0.435,43,123,0.35,48,86,0.558,0.538,30,39,0.769,5,78,83,75,28,4,23,80,255,riverau01,1836090
Duncan Robinson,SF,28,MIA,42,1,691,88,237,0.371,63,192,0.328,25,45,0.556,0.504,29,32,0.906,8,61,69,46,14,0,28,77,268,robindu01,16902000
Mitchell Robinson,C,24,NYK,59,58,1591,188,280,0.671,0,0,,188,280,0.671,0.671,59,122,0.484,267,288,555,53,56,109,41,160,435,robinmi01,17045454
Jeremiah Robinson-Earl,PF,22,OKC,43,20,814,110,248,0.444,37,111,0.333,73,137,0.533,0.518,35,42,0.833,71,109,180,43,24,11,19,71,292,robinje02,2000000
Isaiah Roby,PF,24,SAS,42,2,474,67,155,0.432,18,60,0.3,49,95,0.516,0.49,20,41,0.488,21,86,107,38,18,7,31,53,172,robyis01,1930681
David Roddy,PF,21,MEM,70,4,1258,180,420,0.429,65,212,0.307,115,208,0.553,0.506,41,65,0.631,50,143,193,59,29,19,57,107,466,roddyda01,2588640
Ryan Rollins,PG,20,GSW,12,0,62,7,20,0.35,3,9,0.333,4,11,0.364,0.425,6,6,1.0,3,9,12,6,1,1,16,10,23,rolliry01,1017781
Derrick Rose,PG,34,NYK,27,0,338,61,159,0.384,19,63,0.302,42,96,0.438,0.443,11,12,0.917,8,32,40,46,7,5,22,18,152,rosede01,14520730
Terrence Ross,SG,31,TOT,63,9,1330,200,465,0.43,95,258,0.368,105,207,0.507,0.532,27,34,0.794,22,132,154,95,35,10,43,97,522,rosste01,12080373
Terry Rozier,SG,28,CHO,63,63,2221,493,1188,0.415,165,505,0.327,328,683,0.48,0.484,178,220,0.809,51,208,259,319,74,16,134,119,1329,roziete01,21486316
Ricky Rubio,PG,32,CLE,33,2,566,61,178,0.343,21,82,0.256,40,96,0.417,0.402,28,35,0.8,9,61,70,115,26,6,31,51,171,rubiori01,5853659
D'Angelo Russell,PG,26,TOT,71,71,2304,445,948,0.469,194,490,0.396,251,458,0.548,0.572,179,216,0.829,35,180,215,437,70,29,186,140,1263,russeda01,31377750
Domantas Sabonis,C,26,SAC,79,79,2736,577,938,0.615,31,83,0.373,546,855,0.639,0.632,325,438,0.742,251,722,973,573,65,39,230,279,1510,sabondo01,18500000
Dario Šarić,PF,28,TOT,57,12,806,127,277,0.458,45,115,0.391,82,162,0.506,0.54,63,76,0.829,53,154,207,74,20,7,55,99,362,saricda01,9240000
Admiral Schofield,PF,25,ORL,37,0,451,55,122,0.451,24,74,0.324,31,48,0.646,0.549,21,23,0.913,23,39,62,31,8,5,16,61,155,schofad01,506508
Dennis Schröder,PG,29,LAL,66,50,1986,270,650,0.415,74,225,0.329,196,425,0.461,0.472,216,252,0.857,21,144,165,298,50,10,112,145,830,schrode01,1836090
Alperen Şengün,C,20,HOU,75,72,2171,442,799,0.553,19,57,0.333,423,742,0.57,0.565,206,288,0.715,242,436,678,291,70,70,193,258,1109,sengual01,3375360
Collin Sexton,SG,24,UTA,48,15,1145,237,468,0.506,48,122,0.393,189,346,0.546,0.558,163,199,0.819,37,68,105,138,27,6,85,112,685,sextoco01,16500000
Landry Shamet,SG,25,PHO,40,9,807,113,300,0.377,75,199,0.377,38,101,0.376,0.502,45,51,0.882,11,56,67,93,26,5,36,61,346,shamela01,9500000
Day'Ron Sharpe,C,21,BRK,48,3,552,93,171,0.544,6,11,0.545,87,160,0.544,0.561,35,55,0.636,99,101,200,37,15,32,42,89,227,sharpda01,2109480
Shaedon Sharpe,SG,19,POR,80,15,1779,306,648,0.472,102,283,0.36,204,365,0.559,0.551,75,105,0.714,63,173,236,94,38,24,83,136,789,sharpsh01,6012960
Pascal Siakam,C,28,TOR,71,71,2652,630,1313,0.48,93,287,0.324,537,1026,0.523,0.515,367,474,0.774,131,425,556,415,65,36,169,228,1720,siakapa01,35448672
Ben Simmons,PG,26,BRK,42,33,1105,133,235,0.566,0,2,0.0,133,233,0.571,0.566,25,57,0.439,40,223,263,256,54,24,97,139,291,simmobe01,35448672
Marko Simonovic,C,23,CHI,7,0,20,2,7,0.286,1,4,0.25,1,3,0.333,0.357,1,2,0.5,1,1,2,0,0,0,0,5,6,simonma01,1563518
Anfernee Simons,SG,23,POR,62,62,2171,467,1045,0.447,212,562,0.377,255,483,0.528,0.548,160,179,0.894,18,143,161,253,42,14,128,142,1306,simonan01,22321429
Jericho Sims,C,24,NYK,52,16,812,83,107,0.776,0,1,0.0,83,106,0.783,0.776,12,16,0.75,99,143,242,25,15,28,27,96,178,simsje01,1639842
Marcus Smart,PG,28,BOS,61,61,1957,250,602,0.415,115,342,0.336,135,260,0.519,0.511,88,118,0.746,46,145,191,382,93,23,143,172,703,smartma01,17207142
Dennis Smith Jr.,PG,25,CHO,54,15,1390,186,452,0.412,24,111,0.216,162,341,0.475,0.438,78,106,0.736,27,140,167,261,75,25,82,122,474,smithde03,1836090
Ish Smith,PG,34,DEN,43,0,398,52,131,0.397,2,12,0.167,50,119,0.42,0.405,2,4,0.5,5,49,54,100,8,7,44,33,108,smithis01,4725000
Jabari Smith Jr.,PF,19,HOU,79,79,2451,364,892,0.408,120,391,0.307,244,501,0.487,0.475,162,206,0.786,122,447,569,101,43,74,104,227,1010,smithja05,8882640
Jalen Smith,PF,22,IND,68,31,1279,242,508,0.476,54,191,0.283,188,317,0.593,0.53,104,137,0.759,129,265,394,66,21,60,72,153,642,smithja04,4670160
Jeremy Sochan,PF,19,SAS,56,53,1458,250,552,0.453,33,134,0.246,217,418,0.519,0.483,81,116,0.698,95,200,295,142,43,23,97,138,614,sochaje01,5063520
Jaden Springer,SG,20,PHI,16,2,89,17,35,0.486,2,5,0.4,15,30,0.5,0.514,6,8,0.75,6,8,14,8,7,3,3,15,42,sprinja01,2125200
Lamar Stevens,PF,25,CLE,62,25,1120,129,288,0.448,30,95,0.316,99,193,0.513,0.5,40,57,0.702,48,159,207,33,27,19,27,79,328,stevela01,1782621
Isaiah Stewart,C,21,DET,50,47,1414,195,441,0.442,67,205,0.327,128,236,0.542,0.518,110,149,0.738,115,288,403,70,20,34,68,133,567,stewais01,3433320
Max Strus,SF,26,MIA,80,33,2272,324,790,0.41,197,563,0.35,127,227,0.559,0.535,78,89,0.876,49,209,258,171,42,12,70,166,923,strusma01,1815677
Jalen Suggs,PG,21,ORL,53,19,1246,186,444,0.419,66,202,0.327,120,242,0.496,0.493,86,119,0.723,55,106,161,155,67,27,94,120,524,suggsja01,6922320
Edmond Sumner,SG,27,BRK,53,12,736,124,269,0.461,31,87,0.356,93,182,0.511,0.519,99,108,0.917,13,66,79,68,31,10,50,83,378,sumneed01,1968175
Jae'Sean Tate,SF,27,HOU,31,7,677,110,229,0.48,13,46,0.283,97,183,0.53,0.509,50,69,0.725,41,77,118,84,21,7,47,106,283,tateja01,7065217
Jayson Tatum,PF,24,BOS,74,74,2732,727,1559,0.466,240,686,0.35,487,873,0.558,0.543,531,622,0.854,78,571,649,342,78,51,213,160,2225,tatumja01,30351780
Terry Taylor,PF,23,TOT,31,2,264,39,75,0.52,5,19,0.263,34,56,0.607,0.553,6,11,0.545,27,20,47,10,3,6,9,26,89,taylote01,1563518
Garrett Temple,SG,36,NOP,25,0,162,18,45,0.4,11,26,0.423,7,19,0.368,0.522,3,4,0.75,5,12,17,13,9,2,4,15,50,templga01,5155500
Dalen Terry,SG,20,CHI,38,0,214,32,72,0.444,7,27,0.259,25,45,0.556,0.493,14,21,0.667,12,25,37,22,11,5,8,24,85,terryda01,3191400
Daniel Theis,C,30,IND,7,1,109,21,44,0.477,2,11,0.182,19,33,0.576,0.5,5,12,0.417,7,15,22,9,2,6,3,7,49,theisda01,8694369
Cam Thomas,SG,21,BRK,57,4,948,201,456,0.441,51,133,0.383,150,323,0.464,0.497,151,174,0.868,8,87,95,78,20,7,63,55,604,thomaca02,2138160
Klay Thompson,SG,32,GSW,69,69,2279,546,1252,0.436,301,731,0.412,245,521,0.47,0.556,116,132,0.879,39,247,286,163,49,29,123,130,1509,thompkl01,40600080
JT Thor,PF,20,CHO,69,8,969,95,238,0.399,39,123,0.317,56,115,0.487,0.481,33,47,0.702,36,116,152,36,22,23,44,66,262,thorjt01,1563518
Matisse Thybulle,SG,25,TOT,71,28,1200,110,253,0.435,54,148,0.365,56,105,0.533,0.542,19,28,0.679,40,100,140,53,83,32,24,113,293,thybuma01,4379527
Xavier Tillman Sr.,PF,24,MEM,61,29,1180,188,306,0.614,4,15,0.267,184,291,0.632,0.621,49,89,0.551,121,186,307,96,58,29,44,97,429,tillmxa01,1782621
Isaiah Todd,PF,21,WAS,6,1,61,3,19,0.158,1,10,0.1,2,9,0.222,0.184,2,2,1.0,2,10,12,4,1,0,2,4,9,toddis01,1575000
Obi Toppin,PF,24,NYK,67,5,1050,187,419,0.446,85,247,0.344,102,172,0.593,0.548,38,47,0.809,29,158,187,66,23,12,38,68,497,toppiob01,5348280
Juan Toscano-Anderson,SF,29,TOT,52,9,700,64,143,0.448,8,43,0.186,56,100,0.56,0.476,19,24,0.792,28,96,124,65,16,10,34,80,155,toscaju01,1836090
Karl-Anthony Towns,PF,27,MIN,29,29,957,212,428,0.495,60,164,0.366,152,264,0.576,0.565,118,135,0.874,48,188,236,140,20,17,86,111,602,townska01,33833400
Gary Trent Jr.,SG,24,TOR,66,44,2118,405,935,0.433,166,450,0.369,239,485,0.493,0.522,172,205,0.839,30,143,173,106,104,14,55,102,1148,trentga02,17505000
P.J. Tucker,PF,37,PHI,75,75,1920,96,225,0.427,55,140,0.393,41,85,0.482,0.549,19,23,0.826,95,200,295,60,39,15,44,180,266,tuckepj01,10490000
Myles Turner,C,26,IND,62,62,1825,402,733,0.548,93,249,0.373,309,484,0.638,0.612,216,276,0.783,88,378,466,89,36,140,103,215,1113,turnemy01,35069500
Stanley Umude,SG,23,DET,1,0,2,0,1,0.0,0,1,0.0,0,0,,0.0,2,2,1.0,0,0,0,0,1,1,0,0,2,umudest01,58493
Jonas Valančiūnas,C,30,NOP,79,79,1968,446,816,0.547,38,109,0.349,408,707,0.577,0.57,185,224,0.826,225,579,804,140,20,52,159,245,1115,valanjo01,14700000
Jarred Vanderbilt,PF,23,TOT,78,65,1879,247,451,0.548,29,90,0.322,218,361,0.604,0.58,96,139,0.691,170,412,582,184,83,21,97,190,619,vandeja01,4374000
Fred VanVleet,PG,28,TOR,69,69,2535,437,1112,0.393,207,606,0.342,230,506,0.455,0.486,254,283,0.898,30,250,280,495,123,38,140,193,1335,vanvlfr01,21250000
Devin Vassell,SG,22,SAS,38,32,1178,261,595,0.439,103,266,0.387,158,329,0.48,0.525,78,100,0.78,8,140,148,136,43,17,57,57,703,vassede01,4437000
Gabe Vincent,PG,26,MIA,68,34,1759,228,567,0.402,117,350,0.334,111,217,0.512,0.505,68,78,0.872,27,118,145,167,62,5,92,154,641,vincega01,1815677
Noah Vonleh,C,27,BOS,23,1,171,11,24,0.458,1,4,0.25,10,20,0.5,0.479,2,2,1.0,18,30,48,7,2,8,11,35,25,vonleno01,1160955
Nikola Vučević,C,32,CHI,82,82,2746,597,1148,0.52,121,347,0.349,476,801,0.594,0.573,132,158,0.835,159,744,903,265,60,57,139,179,1447,vucevni01,22000000
Dean Wade,PF,26,CLE,44,13,891,73,177,0.412,45,127,0.354,28,50,0.56,0.54,15,23,0.652,20,130,150,37,28,21,17,89,206,wadede01,1930681
Franz Wagner,SF,21,ORL,80,80,2609,542,1118,0.485,130,360,0.361,412,758,0.544,0.543,271,322,0.842,70,259,329,283,77,17,167,183,1485,wagnefr01,5258280
Moritz Wagner,C,25,ORL,57,18,1109,198,396,0.5,51,163,0.313,147,233,0.631,0.564,153,182,0.841,69,190,259,84,37,13,68,136,600,wagnemo01,1878720
Ish Wainright,SF,28,PHO,60,2,915,84,227,0.37,57,173,0.329,27,54,0.5,0.496,26,31,0.839,45,94,139,53,38,22,22,117,251,wainris01,474851
Jabari Walker,SF,20,POR,56,0,619,83,198,0.419,16,56,0.286,67,142,0.472,0.46,34,45,0.756,48,83,131,34,10,13,29,69,216,walkeja01,1017781
Kemba Walker,PG,32,DAL,9,1,144,24,57,0.421,7,28,0.25,17,29,0.586,0.482,17,21,0.81,3,13,16,19,2,2,4,11,72,walkeke02,37281261
Lonnie Walker IV,SG,24,LAL,56,32,1297,236,527,0.448,91,249,0.365,145,278,0.522,0.534,91,106,0.858,14,95,109,64,30,17,46,71,654,walkelo01,6479000
John Wall,PG,32,LAC,34,3,755,138,338,0.408,33,109,0.303,105,229,0.459,0.457,77,113,0.681,14,78,92,178,27,12,80,59,386,walljo01,47345760
T.J. Warren,SF,29,TOT,42,0,687,132,270,0.489,22,67,0.328,110,203,0.542,0.53,28,35,0.8,26,95,121,40,22,12,20,65,314,warretj01,1836090
P.J. Washington,PF,24,CHO,73,73,2380,434,978,0.444,149,428,0.348,285,550,0.518,0.52,127,174,0.73,73,285,358,175,66,79,110,193,1144,washipj01,5808435
TyTy Washington Jr.,PG,21,HOU,31,2,433,58,160,0.363,19,80,0.238,39,80,0.488,0.422,10,18,0.556,2,43,45,47,15,2,14,29,145,washity02,2210040
Yuta Watanabe,SF,28,BRK,58,1,928,114,232,0.491,60,135,0.444,54,97,0.557,0.621,34,47,0.723,30,111,141,48,25,17,22,80,322,watanyu01,1836090
Lindy Waters III,SG,25,OKC,41,0,531,70,178,0.393,58,162,0.358,12,16,0.75,0.556,16,20,0.8,16,59,75,28,14,11,10,42,214,waterli01,1927896
Trendon Watford,PF,22,POR,62,12,1182,181,323,0.56,25,64,0.391,156,259,0.602,0.599,72,100,0.72,42,196,238,130,32,12,71,118,459,watfotr01,1563518
Peyton Watson,SG,20,DEN,23,2,186,29,59,0.492,6,14,0.429,23,45,0.511,0.542,11,20,0.55,8,29,37,11,2,11,8,14,75,watsope01,2193960
Blake Wesley,SG,19,SAS,37,1,669,69,215,0.321,20,52,0.385,49,163,0.301,0.367,26,44,0.591,11,70,81,99,25,5,65,67,184,weslebl01,2385480
Russell Westbrook,PG,34,TOT,73,24,2126,432,991,0.436,89,286,0.311,343,705,0.487,0.481,206,314,0.656,89,334,423,551,76,33,255,162,1159,westbru01,47559433
Coby White,SG,22,CHI,74,2,1730,263,594,0.443,128,344,0.372,135,250,0.54,0.551,61,70,0.871,16,196,212,204,54,6,74,122,715,whiteco01,7413955
Derrick White,SG,28,BOS,82,70,2319,350,758,0.462,149,391,0.381,201,367,0.548,0.56,168,192,0.875,52,241,293,321,54,76,95,177,1017,whitede01,16892857
Joe Wieskamp,SF,23,TOR,9,0,50,3,14,0.214,3,12,0.25,0,2,0.0,0.321,0,0,,0,4,4,3,0,0,1,3,9,wieskjo01,2720989
Aaron Wiggins,SG,24,OKC,70,14,1297,186,363,0.512,48,122,0.393,138,241,0.573,0.579,59,71,0.831,68,142,210,80,39,15,55,110,479,wiggiaa01,1563518
Andrew Wiggins,SF,27,GSW,37,37,1190,250,529,0.473,89,225,0.396,161,304,0.53,0.557,44,72,0.611,61,125,186,85,45,28,48,107,633,wiggian01,33616770
Grant Williams,PF,24,BOS,79,23,2045,216,476,0.454,115,291,0.395,101,185,0.546,0.575,94,122,0.77,87,276,363,131,41,31,82,192,641,willigr01,4306281
Jalen Williams,SG,21,OKC,75,62,2276,414,794,0.521,73,205,0.356,341,589,0.579,0.567,155,191,0.812,84,253,337,248,103,35,123,191,1056,willija06,4341480
Jaylin Williams,PF,20,OKC,49,36,914,102,234,0.436,46,113,0.407,56,121,0.463,0.534,38,54,0.704,44,197,241,76,28,12,37,111,288,willija07,2000000
Kenrich Williams,PF,28,OKC,53,10,1206,179,346,0.517,50,134,0.373,129,212,0.608,0.59,17,39,0.436,97,164,261,105,45,14,32,112,425,willike04,2000000
Mark Williams,C,21,CHO,43,17,828,160,251,0.637,0,0,,160,251,0.637,0.637,67,97,0.691,93,211,304,18,28,45,40,94,387,willima07,3722040
Patrick Williams,PF,21,CHI,82,65,2323,314,677,0.464,115,277,0.415,199,400,0.498,0.549,90,105,0.857,78,249,327,100,72,70,101,147,833,willipa01,7775400
Robert Williams,C,25,BOS,35,20,824,127,170,0.747,0,1,0.0,127,169,0.751,0.747,25,41,0.61,104,188,292,50,22,48,34,68,279,williro04,10937502
Ziaire Williams,SF,21,MEM,37,4,561,84,196,0.429,25,97,0.258,59,99,0.596,0.492,17,22,0.773,16,63,79,35,14,6,37,58,210,willizi02,4591680
Zion Williamson,PF,22,NOP,29,29,956,285,469,0.608,7,19,0.368,278,450,0.618,0.615,177,248,0.714,58,144,202,133,32,16,99,65,754,willizi01,13534817
Dylan Windler,SF,26,CLE,3,0,10,2,3,0.667,1,2,0.5,1,1,1.0,0.833,0,0,,0,0,0,1,1,0,1,0,5,windldy01,4037278
Justise Winslow,SF,26,POR,29,11,776,81,198,0.409,14,45,0.311,67,153,0.438,0.444,20,28,0.714,49,96,145,98,30,11,43,89,196,winslju01,4097561
James Wiseman,C,21,TOT,45,22,867,189,339,0.558,4,20,0.2,185,319,0.58,0.563,68,97,0.701,73,194,267,30,7,27,51,108,450,wisemja01,9603360
Christian Wood,C,27,DAL,67,17,1738,396,769,0.515,105,279,0.376,291,490,0.594,0.583,217,281,0.772,87,404,491,121,30,72,121,169,1114,woodch01,14317459
Delon Wright,PG,30,WAS,50,14,1221,138,291,0.474,41,119,0.345,97,172,0.564,0.545,52,60,0.867,58,122,180,194,92,17,44,59,369,wrighde01,7804878
Thaddeus Young,PF,34,TOR,54,9,795,108,198,0.545,6,34,0.176,102,164,0.622,0.561,18,26,0.692,71,95,166,75,54,5,42,88,240,youngth01,8000000
Trae Young,PG,24,ATL,73,73,2541,597,1390,0.429,154,460,0.335,443,930,0.476,0.485,566,639,0.886,56,161,217,741,80,9,300,104,1914,youngtr01,37096500
Omer Yurtseven,C,24,MIA,9,0,83,16,27,0.593,3,7,0.429,13,20,0.65,0.648,5,6,0.833,8,15,23,2,2,2,4,16,40,yurtsom01,1752638
Cody Zeller,C,30,MIA,15,2,217,37,59,0.627,0,2,0.0,37,57,0.649,0.627,24,35,0.686,25,39,64,10,3,4,14,33,98,zelleco01,517060
Ivica Zubac,C,25,LAC,76,76,2170,326,514,0.634,0,2,0.0,326,512,0.637,0.634,166,238,0.697,236,520,756,77,29,98,117,219,818,zubaciv01,10123457
